parent_doc_id,business_function,attachment_download_policy,attachment_rag_policy,attachment_user_delivery_policy,attachment_id,display_name,file_format,detected_format,download_method,download_status,processing_policy,indexable,needs_review,classification_reason,attachment_role,contains_fillable_fields,contains_instructions,has_unique_information,duplicates_parent_content,is_scanned_candidate,ocr_required,extraction_quality,text_extraction_status,extracted_text_chars,source_page_url,official_download_url,download_url_observed,user_action_url,local_path,size_bytes,sha256,error,change_status,previous_sha256,previous_manifest_path
DP-003,예금자보호제도,O,auto_classify_guide_only,direct_official_url_if_stable_else_source_page,57b9a22ec6377abb,엑셀 다운받기 (XLSX),XLSX,XLSX,gfn_downloadFile,downloaded,download_and_index,True,False,list 성격의 설명·목록 자료,list,False,False,True,False,False,False,good,success,16018,https://www.kdic.or.kr/sp/dpstrprot/selectProtSystProtSumr.do,,blob:https://www.kdic.or.kr/d31c8d2b-de56-4eba-83ac-6d974a646c92,https://www.kdic.or.kr/sp/dpstrprot/selectProtSystProtSumr.do,raw/assets/예금자보호제도/DP-003/attachments/57b9a22ec6377abb_(붙임) 부보금융회사 변동 현황(26년 1분기 기준)_홈페이지 공시.xlsx,44300,5cbb444ecc09114686562db59d4da2fc08bb9f384b605cd2e49c1d707de17c8d,,unchanged,5cbb444ecc09114686562db59d4da2fc08bb9f384b605cd2e49c1d707de17c8d,/content/kdic_crawl_output_20260721_110806/processed/attachment_manifest.jsonl
DP-003,예금자보호제도,O,auto_classify_guide_only,direct_official_url_if_stable_else_source_page,3b79157f51d10c74,한글 다운받기 (FILE),FILE,DOCX,gfn_downloadFile,downloaded,download_and_index,True,False,list 성격의 설명·목록 자료,list,False,False,True,False,False,False,good,success,40543,https://www.kdic.or.kr/sp/dpstrprot/selectProtSystProtSumr.do,,blob:https://www.kdic.or.kr/de8d9cba-92d3-45dd-b7a3-f456a2df4907,https://www.kdic.or.kr/sp/dpstrprot/selectProtSystProtSumr.do,raw/assets/예금자보호제도/DP-003/attachments/3b79157f51d10c74_(붙임) 부보금융회사 목록(26년 1분기 기준)_홈페이지 공시.docx,78846,9ea0a9d70e1937eb4acf0dac06b4c381c730009c5b064807a0523bcaad3a03b5,,unchanged,9ea0a9d70e1937eb4acf0dac06b4c381c730009c5b064807a0523bcaad3a03b5,/content/kdic_crawl_output_20260721_110806/processed/attachment_manifest.jsonl
BI-001,예금보험금 안내,O,auto_classify_guide_only,direct_official_url_if_stable_else_source_page,0216d5964161794e,예금보험금 등 지급청구 및 동의서 (HWP),HWP,HWP,gfn_downloadFile,downloaded,download_no_index,False,False,신청서·동의서·위임장·샘플 등 작성용 자료,form,True,True,False,False,False,False,good,success,841,https://www.kdic.or.kr/sp/dpstrprot/DpsmIbamtAplyPossDcmnt/selectScrn.do,,blob:https://www.kdic.or.kr/a064ba7c-7284-4afd-9197-1413266ec8c8,https://www.kdic.or.kr/sp/dpstrprot/DpsmIbamtAplyPossDcmnt/selectScrn.do,raw/assets/예금보험금 안내/BI-001/attachments/0216d5964161794e_예금보험금 등 지급청구 및 동의서.hwp,49152,851a47bf11a57a981f1bb61c0ec636e366388876031f19de68407d543d108d02,,unchanged,851a47bf11a57a981f1bb61c0ec636e366388876031f19de68407d543d108d02,/content/kdic_crawl_output_20260721_110806/processed/attachment_manifest.jsonl
BI-001,예금보험금 안내,O,auto_classify_guide_only,direct_official_url_if_stable_else_source_page,6cc3eacc30147908,예금보험금 등 지급청구 및 동의서 (PDF),PDF,PDF,gfn_downloadFile,downloaded,download_no_index,False,False,신청서·동의서·위임장·샘플 등 작성용 자료,form,True,True,False,False,False,False,good,success,651,https://www.kdic.or.kr/sp/dpstrprot/DpsmIbamtAplyPossDcmnt/selectScrn.do,,blob:https://www.kdic.or.kr/0620714b-af5b-479b-8dc9-e106dd9644c3,https://www.kdic.or.kr/sp/dpstrprot/DpsmIbamtAplyPossDcmnt/selectScrn.do,raw/assets/예금보험금 안내/BI-001/attachments/6cc3eacc30147908_예금보험금 등 지급청구 및 동의서.pdf,84885,ece23859db4d7607b26dc466f3a75826a74172b720cb107b659223c43d6dd3cf,,unchanged,ece23859db4d7607b26dc466f3a75826a74172b720cb107b659223c43d6dd3cf,/content/kdic_crawl_output_20260721_110806/processed/attachment_manifest.jsonl
BI-001,예금보험금 안내,O,auto_classify_guide_only,direct_official_url_if_stable_else_source_page,598adbcccfd94d70,위임장 (HWP),HWP,HWP,gfn_downloadFile,downloaded,download_no_index,False,False,신청서·동의서·위임장·샘플 등 작성용 자료,form,True,False,False,False,False,False,good,success,561,https://www.kdic.or.kr/sp/dpstrprot/DpsmIbamtAplyPossDcmnt/selectScrn.do,,blob:https://www.kdic.or.kr/538e8395-12ec-4947-962e-794353a933ee,https://www.kdic.or.kr/sp/dpstrprot/DpsmIbamtAplyPossDcmnt/selectScrn.do,raw/assets/예금보험금 안내/BI-001/attachments/598adbcccfd94d70_위임장.hwp,42496,33eff0033c882e9e6bab1903b2e23c293fb94bbd2cb2e997da7d13df62c9de46,,unchanged,33eff0033c882e9e6bab1903b2e23c293fb94bbd2cb2e997da7d13df62c9de46,/content/kdic_crawl_output_20260721_110806/processed/attachment_manifest.jsonl
BI-001,예금보험금 안내,O,auto_classify_guide_only,direct_official_url_if_stable_else_source_page,d65abf6d8c7367e9,위임장 (PDF),PDF,PDF,gfn_downloadFile,downloaded,download_no_index,False,False,신청서·동의서·위임장·샘플 등 작성용 자료,form,True,False,False,False,False,False,good,success,418,https://www.kdic.or.kr/sp/dpstrprot/DpsmIbamtAplyPossDcmnt/selectScrn.do,,blob:https://www.kdic.or.kr/b7b90bce-eb8c-4333-b9d4-8e2e53f2a471,https://www.kdic.or.kr/sp/dpstrprot/DpsmIbamtAplyPossDcmnt/selectScrn.do,raw/assets/예금보험금 안내/BI-001/attachments/d65abf6d8c7367e9_위임장.pdf,64282,3583f5f138a87113f9b77e2224eb05a6a2f9bd125f3748447df47eaa9677bc52,,unchanged,3583f5f138a87113f9b77e2224eb05a6a2f9bd125f3748447df47eaa9677bc52,/content/kdic_crawl_output_20260721_110806/processed/attachment_manifest.jsonl
BI-001,예금보험금 안내,O,auto_classify_guide_only,direct_official_url_if_stable_else_source_page,bf847d8484e81a9a,친권자합의서 (HWP),HWP,HWP,gfn_downloadFile,downloaded,download_no_index,False,True,설명 텍스트는 충분하지만 문서 역할이 불명확하여 사람 검토 필요,unknown,False,False,False,False,False,False,good,success,527,https://www.kdic.or.kr/sp/dpstrprot/DpsmIbamtAplyPossDcmnt/selectScrn.do,,blob:https://www.kdic.or.kr/cd59a4b5-2b62-462b-b02f-4d88df10562f,https://www.kdic.or.kr/sp/dpstrprot/DpsmIbamtAplyPossDcmnt/selectScrn.do,raw/assets/예금보험금 안내/BI-001/attachments/bf847d8484e81a9a_친권자합의서.hwp,44544,d43a4b91670c6f0ad82fc591636a8c3e27da923efc5642f4507fa11056c97c78,,unchanged,d43a4b91670c6f0ad82fc591636a8c3e27da923efc5642f4507fa11056c97c78,/content/kdic_crawl_output_20260721_110806/processed/attachment_manifest.jsonl
BI-001,예금보험금 안내,O,auto_classify_guide_only,direct_official_url_if_stable_else_source_page,66c5e9743dd29c15,친권자합의서 (PDF),PDF,PDF,gfn_downloadFile,downloaded,download_no_index,False,True,짧거나 설명 가치가 낮은 파일,unknown,True,False,False,False,False,False,good,success,389,https://www.kdic.or.kr/sp/dpstrprot/DpsmIbamtAplyPossDcmnt/selectScrn.do,,blob:https://www.kdic.or.kr/4aac5f40-347e-4443-a418-093d2ff20894,https://www.kdic.or.kr/sp/dpstrprot/DpsmIbamtAplyPossDcmnt/selectScrn.do,raw/assets/예금보험금 안내/BI-001/attachments/66c5e9743dd29c15_친권자합의서.pdf,71886,2ea24afdb58a28d4e69dab598dade8ad9362f80168c145c152fb2b6210969342,,unchanged,2ea24afdb58a28d4e69dab598dade8ad9362f80168c145c152fb2b6210969342,/content/kdic_crawl_output_20260721_110806/processed/attachment_manifest.jsonl
BI-001,예금보험금 안내,O,auto_classify_guide_only,direct_official_url_if_stable_else_source_page,8c3e3d1e9c6084df,지분신고서 및 수령권한 위임 동의서 (HWP),HWP,HWP,gfn_downloadFile,downloaded,download_no_index,False,False,신청서·동의서·위임장·샘플 등 작성용 자료,form,True,False,False,False,False,False,good,success,1303,https://www.kdic.or.kr/sp/dpstrprot/DpsmIbamtAplyPossDcmnt/selectScrn.do,,blob:https://www.kdic.or.kr/c4f8689d-46ae-44ac-b94f-2fa5ec552a5c,https://www.kdic.or.kr/sp/dpstrprot/DpsmIbamtAplyPossDcmnt/selectScrn.do,raw/assets/예금보험금 안내/BI-001/attachments/8c3e3d1e9c6084df_지분신고서 및 수령권한 위임 동의서.hwp,54784,f5346d1f6ccaa4b5cdc1d8853cc1c600fb5c440d85fddcb401fbc8846a0e1d9b,,unchanged,f5346d1f6ccaa4b5cdc1d8853cc1c600fb5c440d85fddcb401fbc8846a0e1d9b,/content/kdic_crawl_output_20260721_110806/processed/attachment_manifest.jsonl
BI-001,예금보험금 안내,O,auto_classify_guide_only,direct_official_url_if_stable_else_source_page,0ff6e81f60108986,지분신고서 및 수령권한 위임 동의서 (PDF),PDF,PDF,gfn_downloadFile,downloaded,download_no_index,False,False,신청서·동의서·위임장·샘플 등 작성용 자료,form,True,False,False,False,False,False,good,success,1008,https://www.kdic.or.kr/sp/dpstrprot/DpsmIbamtAplyPossDcmnt/selectScrn.do,,blob:https://www.kdic.or.kr/4f3f7540-7665-4359-aa68-22bb38d10714,https://www.kdic.or.kr/sp/dpstrprot/DpsmIbamtAplyPossDcmnt/selectScrn.do,raw/assets/예금보험금 안내/BI-001/attachments/0ff6e81f60108986_지분신고서 및 수령권한 위임 동의서.pdf,93429,5cb091d188d855271869bb8157c71e9cfb1adca294a0fedb265c454a8a9668ac,,unchanged,5cb091d188d855271869bb8157c71e9cfb1adca294a0fedb265c454a8a9668ac,/content/kdic_crawl_output_20260721_110806/processed/attachment_manifest.jsonl
BI-001,예금보험금 안내,O,auto_classify_guide_only,direct_official_url_if_stable_else_source_page,c1538f122d56d7fb,손해담보 약정서 (HWP),HWP,HWP,gfn_downloadFile,downloaded,download_no_index,False,True,설명 텍스트는 충분하지만 문서 역할이 불명확하여 사람 검토 필요,unknown,False,False,False,False,False,False,good,success,445,https://www.kdic.or.kr/sp/dpstrprot/DpsmIbamtAplyPossDcmnt/selectScrn.do,,blob:https://www.kdic.or.kr/c1255cf0-2d67-4cc7-a462-7bf3080d6953,https://www.kdic.or.kr/sp/dpstrprot/DpsmIbamtAplyPossDcmnt/selectScrn.do,raw/assets/예금보험금 안내/BI-001/attachments/c1538f122d56d7fb_손해담보 약정서.hwp,39936,51309b1a619e21be4c5b2ec3e2967ecd092bc80b2e7b05c67c055436d64d395d,,unchanged,51309b1a619e21be4c5b2ec3e2967ecd092bc80b2e7b05c67c055436d64d395d,/content/kdic_crawl_output_20260721_110806/processed/attachment_manifest.jsonl
BI-001,예금보험금 안내,O,auto_classify_guide_only,direct_official_url_if_stable_else_source_page,c357759570c48b8f,손해담보 약정서 (PDF),PDF,PDF,gfn_downloadFile,downloaded,download_no_index,False,True,짧거나 설명 가치가 낮은 파일,unknown,False,False,False,False,False,False,good,success,337,https://www.kdic.or.kr/sp/dpstrprot/DpsmIbamtAplyPossDcmnt/selectScrn.do,,blob:https://www.kdic.or.kr/82631082-d2aa-4ce3-a052-07861e90400b,https://www.kdic.or.kr/sp/dpstrprot/DpsmIbamtAplyPossDcmnt/selectScrn.do,raw/assets/예금보험금 안내/BI-001/attachments/c357759570c48b8f_손해담보 약정서.pdf,55999,7d3c2393b3b908e121ce649eac51cc9b09ec9ab565734bf5dec45125afec1916,,unchanged,7d3c2393b3b908e121ce649eac51cc9b09ec9ab565734bf5dec45125afec1916,/content/kdic_crawl_output_20260721_110806/processed/attachment_manifest.jsonl
MT-007,착오송금 반환 신청,O,auto_classify_guide_only,direct_official_url_if_stable_else_source_page,1ac08b57dd0cb667,HWP 착오송금액반환요구에대한 이의제기서양식,HWP,HWP,gfn_downloadFile,downloaded,download_no_index,False,False,신청서·동의서·위임장·샘플 등 작성용 자료,form,True,False,False,False,False,False,good,success,354,https://fins.kdic.or.kr/ir/aplygudn/MsdrAddrsePossDcmntGudn/selectScrn.do,,blob:https://fins.kdic.or.kr/68f0d301-129b-48a3-9046-2c43c8512a43,https://fins.kdic.or.kr/ir/aplygudn/MsdrAddrsePossDcmntGudn/selectScrn.do,raw/assets/착오송금 반환 신청/MT-007/attachments/1ac08b57dd0cb667_10_착오송금액반환요구에대한 이의제기서양식.hwp,15360,52ea492c282cb8be538408c7ded12406c8436f2209fc0ece981e342d161ecbb6,,unchanged,52ea492c282cb8be538408c7ded12406c8436f2209fc0ece981e342d161ecbb6,/content/kdic_crawl_output_20260721_110806/processed/attachment_manifest.jsonl
MT-007,착오송금 반환 신청,O,auto_classify_guide_only,direct_official_url_if_stable_else_source_page,5a87fb970fdc48c6,PDF 착오송금액반환요구에대한 이의제기서양식,PDF,PDF,gfn_downloadFile,downloaded,download_no_index,False,False,신청서·동의서·위임장·샘플 등 작성용 자료,form,True,False,False,False,False,False,good,success,269,https://fins.kdic.or.kr/ir/aplygudn/MsdrAddrsePossDcmntGudn/selectScrn.do,,blob:https://fins.kdic.or.kr/a3c971b8-595f-4e50-9cf7-6425c1427ca7,https://fins.kdic.or.kr/ir/aplygudn/MsdrAddrsePossDcmntGudn/selectScrn.do,raw/assets/착오송금 반환 신청/MT-007/attachments/5a87fb970fdc48c6_10_착오송금액반환요구에대한 이의제기서양식.pdf,80953,8028565dfe1373919053e0d8e34e9face69e7d37e6e4ecd36ec6ffc8018150df,,unchanged,8028565dfe1373919053e0d8e34e9face69e7d37e6e4ecd36ec6ffc8018150df,/content/kdic_crawl_output_20260721_110806/processed/attachment_manifest.jsonl
MT-007,착오송금 반환 신청,O,auto_classify_guide_only,direct_official_url_if_stable_else_source_page,5154f2b5793eca16,HWP 착오송금액반환관련 이체수수료환급신청서양식,HWP,HWP,gfn_downloadFile,downloaded,download_no_index,False,False,신청서·동의서·위임장·샘플 등 작성용 자료,form,True,False,False,False,False,False,good,success,217,https://fins.kdic.or.kr/ir/aplygudn/MsdrAddrsePossDcmntGudn/selectScrn.do,,blob:https://fins.kdic.or.kr/25ada278-f552-430c-9073-2089ecbb5b7f,https://fins.kdic.or.kr/ir/aplygudn/MsdrAddrsePossDcmntGudn/selectScrn.do,raw/assets/착오송금 반환 신청/MT-007/attachments/5154f2b5793eca16_11_착오송금액반환관련 이체수수료환급신청서양식.hwp,14848,fa17a2beb8bc349b11b9f36d928ad5cf9f04fe319e2413c2e89b247c2771c399,,unchanged,fa17a2beb8bc349b11b9f36d928ad5cf9f04fe319e2413c2e89b247c2771c399,/content/kdic_crawl_output_20260721_110806/processed/attachment_manifest.jsonl
MT-007,착오송금 반환 신청,O,auto_classify_guide_only,direct_official_url_if_stable_else_source_page,7103c0f0652d6ebe,PDF 착오송금액반환관련 이체수수료환급신청서양식,PDF,PDF,gfn_downloadFile,downloaded,download_no_index,False,False,신청서·동의서·위임장·샘플 등 작성용 자료,form,True,False,False,False,False,False,good,success,167,https://fins.kdic.or.kr/ir/aplygudn/MsdrAddrsePossDcmntGudn/selectScrn.do,,blob:https://fins.kdic.or.kr/0d223120-24d4-45aa-bc00-f3acf17eec93,https://fins.kdic.or.kr/ir/aplygudn/MsdrAddrsePossDcmntGudn/selectScrn.do,raw/assets/착오송금 반환 신청/MT-007/attachments/7103c0f0652d6ebe_11_착오송금액반환관련 이체수수료환급신청서양식.pdf,81424,153248e995b0ca78a35cfeeb44730e7c201a9fe46ce68df66b78ce528e2297d0,,unchanged,153248e995b0ca78a35cfeeb44730e7c201a9fe46ce68df66b78ce528e2297d0,/content/kdic_crawl_output_20260721_110806/processed/attachment_manifest.jsonl
MT-008,착오송금 반환 신청,O,auto_classify_guide_only,direct_official_url_if_stable_else_source_page,1d6895eab62b8e26,HWP 신청서양식,HWP,HWP,gfn_downloadFile,downloaded,download_no_index,False,False,신청서·동의서·위임장·샘플 등 작성용 자료,form,True,True,False,False,False,False,good,success,2234,https://fins.kdic.or.kr/ir/aplygudn/MsdrprPossDcmntGudn/selectScrn.do,,blob:https://fins.kdic.or.kr/8f0902da-a3b0-4525-843d-350e86af4245,https://fins.kdic.or.kr/ir/aplygudn/MsdrprPossDcmntGudn/selectScrn.do,raw/assets/착오송금 반환 신청/MT-008/attachments/1d6895eab62b8e26_01_신청서양식.hwp,81408,afc9c34d37b6ee8bb2ef9c10315a85910db8424d32f89b9d16ea7f8517e6970c,,unchanged,afc9c34d37b6ee8bb2ef9c10315a85910db8424d32f89b9d16ea7f8517e6970c,/content/kdic_crawl_output_20260721_110806/processed/attachment_manifest.jsonl
MT-008,착오송금 반환 신청,O,auto_classify_guide_only,direct_official_url_if_stable_else_source_page,3868cbd684acd123,PDF 신청서양식,PDF,PDF,gfn_downloadFile,downloaded,download_no_index,False,False,신청서·동의서·위임장·샘플 등 작성용 자료,form,True,True,False,False,False,False,good,success,2111,https://fins.kdic.or.kr/ir/aplygudn/MsdrprPossDcmntGudn/selectScrn.do,,blob:https://fins.kdic.or.kr/84fd24ca-5b1d-4f98-b083-cf83e927b060,https://fins.kdic.or.kr/ir/aplygudn/MsdrprPossDcmntGudn/selectScrn.do,raw/assets/착오송금 반환 신청/MT-008/attachments/3868cbd684acd123_01_신청서양식.pdf,269730,f9cca273b5c8d605976e0d17a29c680a6a0f069b0f4d0a6c7e1446fa831b1e31,,unchanged,f9cca273b5c8d605976e0d17a29c680a6a0f069b0f4d0a6c7e1446fa831b1e31,/content/kdic_crawl_output_20260721_110806/processed/attachment_manifest.jsonl
MT-008,착오송금 반환 신청,O,auto_classify_guide_only,direct_official_url_if_stable_else_source_page,bd67a665b2b7c7e7,HWP 금융거래정보 제공 요구(동의)서,HWP,HWP,gfn_downloadFile,downloaded,download_no_index,False,False,신청서·동의서·위임장·샘플 등 작성용 자료,form,True,False,False,False,False,False,good,success,737,https://fins.kdic.or.kr/ir/aplygudn/MsdrprPossDcmntGudn/selectScrn.do,,blob:https://fins.kdic.or.kr/486e43a6-5cbd-485b-b759-26ade01e04d4,https://fins.kdic.or.kr/ir/aplygudn/MsdrprPossDcmntGudn/selectScrn.do,raw/assets/착오송금 반환 신청/MT-008/attachments/bd67a665b2b7c7e7_02_금융거래정보 제공 요구(동의)서.hwp,62976,d00f6bbb3f06654fe68c0412d64fa5048e1685a02d5e0521372c5135098a4eef,,unchanged,d00f6bbb3f06654fe68c0412d64fa5048e1685a02d5e0521372c5135098a4eef,/content/kdic_crawl_output_20260721_110806/processed/attachment_manifest.jsonl
MT-008,착오송금 반환 신청,O,auto_classify_guide_only,direct_official_url_if_stable_else_source_page,7c956629709503c4,PDF 금융거래정보 제공 요구(동의)서,PDF,PDF,gfn_downloadFile,downloaded,download_no_index,False,False,신청서·동의서·위임장·샘플 등 작성용 자료,form,True,False,False,False,False,False,good,success,718,https://fins.kdic.or.kr/ir/aplygudn/MsdrprPossDcmntGudn/selectScrn.do,,blob:https://fins.kdic.or.kr/c134a72a-389f-4d98-bc17-341d9d8ec00d,https://fins.kdic.or.kr/ir/aplygudn/MsdrprPossDcmntGudn/selectScrn.do,raw/assets/착오송금 반환 신청/MT-008/attachments/7c956629709503c4_02_금융거래정보 제공 요구(동의)서.pdf,64866,256442dadf34d109979fed03f617fc6c0e18cf110b7293fa588b95dd559323e8,,unchanged,256442dadf34d109979fed03f617fc6c0e18cf110b7293fa588b95dd559323e8,/content/kdic_crawl_output_20260721_110806/processed/attachment_manifest.jsonl
MT-008,착오송금 반환 신청,O,auto_classify_guide_only,direct_official_url_if_stable_else_source_page,7adcf5c204f35aa5,본인 신청서 샘플 (FILE),FILE,PDF,gfn_downloadFile,downloaded,download_no_index,False,False,신청서·동의서·위임장·샘플 등 작성용 자료,form,True,True,False,False,False,False,good,success,2343,https://fins.kdic.or.kr/ir/aplygudn/MsdrprPossDcmntGudn/selectScrn.do,,blob:https://fins.kdic.or.kr/0cfb34a0-eaec-4647-bd85-6dc66e3a8c0d,https://fins.kdic.or.kr/ir/aplygudn/MsdrprPossDcmntGudn/selectScrn.do,raw/assets/착오송금 반환 신청/MT-008/attachments/7adcf5c204f35aa5_01_신청서샘플_본인.pdf,280314,7063438764ba496671ccdd2157a5d25db47d69a1635e9ccc820d0c346bd83839,,unchanged,7063438764ba496671ccdd2157a5d25db47d69a1635e9ccc820d0c346bd83839,/content/kdic_crawl_output_20260721_110806/processed/attachment_manifest.jsonl
MT-008,착오송금 반환 신청,O,auto_classify_guide_only,direct_official_url_if_stable_else_source_page,a05aa6e5f15c33e6,HWP 채권양도통지 위임장 양식,HWP,HWP,gfn_downloadFile,downloaded,download_no_index,False,False,신청서·동의서·위임장·샘플 등 작성용 자료,form,True,False,False,False,False,False,good,success,1016,https://fins.kdic.or.kr/ir/aplygudn/MsdrprPossDcmntGudn/selectScrn.do,,blob:https://fins.kdic.or.kr/7a0c25c6-e218-4c2c-a64d-5ac30bc689ce,https://fins.kdic.or.kr/ir/aplygudn/MsdrprPossDcmntGudn/selectScrn.do,raw/assets/착오송금 반환 신청/MT-008/attachments/a05aa6e5f15c33e6_03_채권양도통지 위임장 양식.hwp,66048,6b5454752e8f047e8ce7249beb7f3b915aa5d17d5cc545c90f79dc910a436fb9,,unchanged,6b5454752e8f047e8ce7249beb7f3b915aa5d17d5cc545c90f79dc910a436fb9,/content/kdic_crawl_output_20260721_110806/processed/attachment_manifest.jsonl
MT-008,착오송금 반환 신청,O,auto_classify_guide_only,direct_official_url_if_stable_else_source_page,48bfcec7284716af,PDF 채권양도통지 위임장 양식,PDF,PDF,gfn_downloadFile,downloaded,download_no_index,False,False,신청서·동의서·위임장·샘플 등 작성용 자료,form,True,False,False,False,False,False,good,success,798,https://fins.kdic.or.kr/ir/aplygudn/MsdrprPossDcmntGudn/selectScrn.do,,blob:https://fins.kdic.or.kr/f8b1224f-fb60-4819-a232-467ca0ba2d90,https://fins.kdic.or.kr/ir/aplygudn/MsdrprPossDcmntGudn/selectScrn.do,raw/assets/착오송금 반환 신청/MT-008/attachments/48bfcec7284716af_03_채권양도통지 위임장 양식.pdf,185151,a262a947d12a590c13d4042aa1a549781a08a25d5915c246ba24b94f894a8d7c,,unchanged,a262a947d12a590c13d4042aa1a549781a08a25d5915c246ba24b94f894a8d7c,/content/kdic_crawl_output_20260721_110806/processed/attachment_manifest.jsonl
MT-008,착오송금 반환 신청,O,auto_classify_guide_only,direct_official_url_if_stable_else_source_page,16e3996ec88091b8,대리인 신청서 샘플 (FILE),FILE,PDF,gfn_downloadFile,downloaded,download_no_index,False,False,신청서·동의서·위임장·샘플 등 작성용 자료,form,True,True,False,False,False,False,good,success,2429,https://fins.kdic.or.kr/ir/aplygudn/MsdrprPossDcmntGudn/selectScrn.do,,blob:https://fins.kdic.or.kr/4799a216-7c7e-4925-b9e9-be6f12dfa0eb,https://fins.kdic.or.kr/ir/aplygudn/MsdrprPossDcmntGudn/selectScrn.do,raw/assets/착오송금 반환 신청/MT-008/attachments/16e3996ec88091b8_01_신청서샘플_대리인.pdf,281797,60401a6abb7e8c6a6b8affa37126d998819c6c4bb99b32c7e1afe5ffaa7ef13c,,unchanged,60401a6abb7e8c6a6b8affa37126d998819c6c4bb99b32c7e1afe5ffaa7ef13c,/content/kdic_crawl_output_20260721_110806/processed/attachment_manifest.jsonl
MT-008,착오송금 반환 신청,O,auto_classify_guide_only,direct_official_url_if_stable_else_source_page,e145d6101f510c08,HWP 착오송금반환지원 신청등위임장양식 양식,HWP,HWP,gfn_downloadFile,downloaded,download_no_index,False,False,신청서·동의서·위임장·샘플 등 작성용 자료,form,True,True,False,False,False,False,good,success,1037,https://fins.kdic.or.kr/ir/aplygudn/MsdrprPossDcmntGudn/selectScrn.do,,blob:https://fins.kdic.or.kr/50b9c3dc-a0a5-4c14-9000-c60c37ace509,https://fins.kdic.or.kr/ir/aplygudn/MsdrprPossDcmntGudn/selectScrn.do,raw/assets/착오송금 반환 신청/MT-008/attachments/e145d6101f510c08_04_착오송금반환지원 신청등위임장양식.hwp,58880,4c27617b926329e6734d12f8811f6a9f8165d399adb10832d4b70acd1b5cebc0,,unchanged,4c27617b926329e6734d12f8811f6a9f8165d399adb10832d4b70acd1b5cebc0,/content/kdic_crawl_output_20260721_110806/processed/attachment_manifest.jsonl
MT-008,착오송금 반환 신청,O,auto_classify_guide_only,direct_official_url_if_stable_else_source_page,126108353a59428c,PDF 착오송금반환지원 신청등위임장양식 양식,PDF,PDF,gfn_downloadFile,downloaded,download_no_index,False,False,신청서·동의서·위임장·샘플 등 작성용 자료,form,True,True,False,False,False,False,good,success,766,https://fins.kdic.or.kr/ir/aplygudn/MsdrprPossDcmntGudn/selectScrn.do,,blob:https://fins.kdic.or.kr/f3b0ffd5-091f-4c93-8098-cd3bd13f101c,https://fins.kdic.or.kr/ir/aplygudn/MsdrprPossDcmntGudn/selectScrn.do,raw/assets/착오송금 반환 신청/MT-008/attachments/126108353a59428c_04_착오송금반환지원 신청등위임장양식.pdf,145498,054946f24377f6cc996633d85d7590f1fda92883c7f3ca6f765a131d401fbd38,,unchanged,054946f24377f6cc996633d85d7590f1fda92883c7f3ca6f765a131d401fbd38,/content/kdic_crawl_output_20260721_110806/processed/attachment_manifest.jsonl
MT-008,착오송금 반환 신청,O,auto_classify_guide_only,direct_official_url_if_stable_else_source_page,34802419569e4d51,HWP 친권합의서양식,HWP,HWP,gfn_downloadFile,downloaded,download_no_index,False,False,신청서·동의서·위임장·샘플 등 작성용 자료,form,True,False,False,False,False,False,good,success,452,https://fins.kdic.or.kr/ir/aplygudn/MsdrprPossDcmntGudn/selectScrn.do,,blob:https://fins.kdic.or.kr/a6ebde22-f325-404f-b839-79784d9731ba,https://fins.kdic.or.kr/ir/aplygudn/MsdrprPossDcmntGudn/selectScrn.do,raw/assets/착오송금 반환 신청/MT-008/attachments/34802419569e4d51_05_친권합의서양식.hwp,16384,157b097d7a473dfcb8ccf740682bb1c16464cd119ad7c16945f3be1ce3a32c84,,unchanged,157b097d7a473dfcb8ccf740682bb1c16464cd119ad7c16945f3be1ce3a32c84,/content/kdic_crawl_output_20260721_110806/processed/attachment_manifest.jsonl
MT-008,착오송금 반환 신청,O,auto_classify_guide_only,direct_official_url_if_stable_else_source_page,693c7d4be93533f6,PDF 친권합의서양식,PDF,PDF,gfn_downloadFile,downloaded,download_no_index,False,False,신청서·동의서·위임장·샘플 등 작성용 자료,form,True,False,False,False,False,False,good,success,335,https://fins.kdic.or.kr/ir/aplygudn/MsdrprPossDcmntGudn/selectScrn.do,,blob:https://fins.kdic.or.kr/6dc482e5-cb56-4f45-baab-c8298912a0c8,https://fins.kdic.or.kr/ir/aplygudn/MsdrprPossDcmntGudn/selectScrn.do,raw/assets/착오송금 반환 신청/MT-008/attachments/693c7d4be93533f6_05_친권합의서양식.pdf,113622,b126f091dd07a6e29f75ffade77dc7526e13fbd9a6b1bc8ca8365120715b8e61,,unchanged,b126f091dd07a6e29f75ffade77dc7526e13fbd9a6b1bc8ca8365120715b8e61,/content/kdic_crawl_output_20260721_110806/processed/attachment_manifest.jsonl
MT-008,착오송금 반환 신청,O,auto_classify_guide_only,direct_official_url_if_stable_else_source_page,4c454360fb5ceda5,HWP 취소신청서양식,HWP,HWP,gfn_downloadFile,downloaded,download_no_index,False,False,신청서·동의서·위임장·샘플 등 작성용 자료,form,True,False,False,False,False,False,good,success,252,https://fins.kdic.or.kr/ir/aplygudn/MsdrprPossDcmntGudn/selectScrn.do,,blob:https://fins.kdic.or.kr/02d04c3a-4960-4ba8-80c8-3a30a75f129c,https://fins.kdic.or.kr/ir/aplygudn/MsdrprPossDcmntGudn/selectScrn.do,raw/assets/착오송금 반환 신청/MT-008/attachments/4c454360fb5ceda5_06_취소신청서양식.hwp,14336,cfe4e1ba45a89c96fbb3d8ddc5fdcbcca7e0859abdff413d26bd6f3c7c51f536,,unchanged,cfe4e1ba45a89c96fbb3d8ddc5fdcbcca7e0859abdff413d26bd6f3c7c51f536,/content/kdic_crawl_output_20260721_110806/processed/attachment_manifest.jsonl
MT-008,착오송금 반환 신청,O,auto_classify_guide_only,direct_official_url_if_stable_else_source_page,12e633a3aae4debd,PDF 취소신청서양식,PDF,PDF,gfn_downloadFile,downloaded,download_no_index,False,False,신청서·동의서·위임장·샘플 등 작성용 자료,form,True,False,False,False,False,False,good,success,203,https://fins.kdic.or.kr/ir/aplygudn/MsdrprPossDcmntGudn/selectScrn.do,,blob:https://fins.kdic.or.kr/b924395a-fdcc-4bc2-b435-05543b44b0a9,https://fins.kdic.or.kr/ir/aplygudn/MsdrprPossDcmntGudn/selectScrn.do,raw/assets/착오송금 반환 신청/MT-008/attachments/12e633a3aae4debd_06_취소신청서양식.pdf,67943,f1059b95dc6b101e3f429b5efda36eff1a2a78243022cdb2580bd009c00c163e,,unchanged,f1059b95dc6b101e3f429b5efda36eff1a2a78243022cdb2580bd009c00c163e,/content/kdic_crawl_output_20260721_110806/processed/attachment_manifest.jsonl
MT-008,착오송금 반환 신청,O,auto_classify_guide_only,direct_official_url_if_stable_else_source_page,f145a2a4b202dff4,HWP 매입계약해제신청서양식,HWP,HWP,gfn_downloadFile,downloaded,download_no_index,False,False,신청서·동의서·위임장·샘플 등 작성용 자료,form,True,False,False,False,False,False,good,success,272,https://fins.kdic.or.kr/ir/aplygudn/MsdrprPossDcmntGudn/selectScrn.do,,blob:https://fins.kdic.or.kr/5950609e-b21d-4250-8785-31f2c931401d,https://fins.kdic.or.kr/ir/aplygudn/MsdrprPossDcmntGudn/selectScrn.do,raw/assets/착오송금 반환 신청/MT-008/attachments/f145a2a4b202dff4_07_매입계약해제신청서양식.hwp,14336,45b2e619873f6e683e53edd9534b35306b5c959c09dd7da63245ea6554a8cb15,,unchanged,45b2e619873f6e683e53edd9534b35306b5c959c09dd7da63245ea6554a8cb15,/content/kdic_crawl_output_20260721_110806/processed/attachment_manifest.jsonl
MT-008,착오송금 반환 신청,O,auto_classify_guide_only,direct_official_url_if_stable_else_source_page,04b2746df4e8cdf2,PDF 매입계약해제신청서양식,PDF,PDF,gfn_downloadFile,downloaded,download_no_index,False,False,신청서·동의서·위임장·샘플 등 작성용 자료,form,True,False,False,False,False,False,good,success,229,https://fins.kdic.or.kr/ir/aplygudn/MsdrprPossDcmntGudn/selectScrn.do,,blob:https://fins.kdic.or.kr/2756ede3-4082-4d9e-9faa-fe2557069f28,https://fins.kdic.or.kr/ir/aplygudn/MsdrprPossDcmntGudn/selectScrn.do,raw/assets/착오송금 반환 신청/MT-008/attachments/04b2746df4e8cdf2_07_매입계약해제신청서양식.pdf,79021,c0f985cdb43eb464ffab23656f35759a382d1b047d95f6726f35c06578f87e21,,unchanged,c0f985cdb43eb464ffab23656f35759a382d1b047d95f6726f35c06578f87e21,/content/kdic_crawl_output_20260721_110806/processed/attachment_manifest.jsonl
MT-008,착오송금 반환 신청,O,auto_classify_guide_only,direct_official_url_if_stable_else_source_page,c5c3859c17d197e3,HWP 수령계좌변경신청서양식,HWP,HWP,gfn_downloadFile,downloaded,download_no_index,False,False,신청서·동의서·위임장·샘플 등 작성용 자료,form,True,True,False,False,False,False,good,success,211,https://fins.kdic.or.kr/ir/aplygudn/MsdrprPossDcmntGudn/selectScrn.do,,blob:https://fins.kdic.or.kr/a59fbdd5-7d8e-4bf3-a345-71c75d4587da,https://fins.kdic.or.kr/ir/aplygudn/MsdrprPossDcmntGudn/selectScrn.do,raw/assets/착오송금 반환 신청/MT-008/attachments/c5c3859c17d197e3_08_수령계좌변경신청서양식.hwp,15360,b0490b74c047b6fef63bb797a1271f6dead2c11d2a82b32b13e90e55a8745f9b,,unchanged,b0490b74c047b6fef63bb797a1271f6dead2c11d2a82b32b13e90e55a8745f9b,/content/kdic_crawl_output_20260721_110806/processed/attachment_manifest.jsonl
MT-008,착오송금 반환 신청,O,auto_classify_guide_only,direct_official_url_if_stable_else_source_page,8523bf92aad05151,PDF 수령계좌변경신청서양식,PDF,PDF,gfn_downloadFile,downloaded,download_no_index,False,False,신청서·동의서·위임장·샘플 등 작성용 자료,form,True,True,False,False,False,False,good,success,155,https://fins.kdic.or.kr/ir/aplygudn/MsdrprPossDcmntGudn/selectScrn.do,,blob:https://fins.kdic.or.kr/798607f0-56c3-4372-89fc-08e0978bf64b,https://fins.kdic.or.kr/ir/aplygudn/MsdrprPossDcmntGudn/selectScrn.do,raw/assets/착오송금 반환 신청/MT-008/attachments/8523bf92aad05151_08_수령계좌변경신청서양식.pdf,76220,69586d80f8fb7b58162d694f2a5356ff0abc9863e79d1d9dce33377547e9c708,,unchanged,69586d80f8fb7b58162d694f2a5356ff0abc9863e79d1d9dce33377547e9c708,/content/kdic_crawl_output_20260721_110806/processed/attachment_manifest.jsonl
MT-008,착오송금 반환 신청,O,auto_classify_guide_only,direct_official_url_if_stable_else_source_page,3050d7a68502bae0,HWP 위임해지통지서양식,HWP,HWP,gfn_downloadFile,downloaded,download_no_index,False,False,신청서·동의서·위임장·샘플 등 작성용 자료,form,True,False,False,False,False,False,good,success,439,https://fins.kdic.or.kr/ir/aplygudn/MsdrprPossDcmntGudn/selectScrn.do,,blob:https://fins.kdic.or.kr/69b284d0-32b0-4f17-9138-f099d5d93cf8,https://fins.kdic.or.kr/ir/aplygudn/MsdrprPossDcmntGudn/selectScrn.do,raw/assets/착오송금 반환 신청/MT-008/attachments/3050d7a68502bae0_09_위임해지통지서양식.hwp,36864,d7036530f68ed74105cfa52b0109276d26a03f2bae10097b01866f7841e5b721,,unchanged,d7036530f68ed74105cfa52b0109276d26a03f2bae10097b01866f7841e5b721,/content/kdic_crawl_output_20260721_110806/processed/attachment_manifest.jsonl
MT-008,착오송금 반환 신청,O,auto_classify_guide_only,direct_official_url_if_stable_else_source_page,838341b18bd11140,PDF 위임해지통지서양식,PDF,PDF,gfn_downloadFile,downloaded,download_no_index,False,False,신청서·동의서·위임장·샘플 등 작성용 자료,form,True,False,False,False,False,False,good,success,333,https://fins.kdic.or.kr/ir/aplygudn/MsdrprPossDcmntGudn/selectScrn.do,,blob:https://fins.kdic.or.kr/8a1de29f-fc0c-4156-b06d-6d5ba9f6ef7a,https://fins.kdic.or.kr/ir/aplygudn/MsdrprPossDcmntGudn/selectScrn.do,raw/assets/착오송금 반환 신청/MT-008/attachments/838341b18bd11140_09_위임해지통지서양식.pdf,100956,433607db7e303361b417dc7abdacafa7dd29e41e392c58f0db5ee7c4816259e2,,unchanged,433607db7e303361b417dc7abdacafa7dd29e41e392c58f0db5ee7c4816259e2,/content/kdic_crawl_output_20260721_110806/processed/attachment_manifest.jsonl
MT-012,착오송금 반환 신청,O,auto_classify_guide_only,direct_official_url_if_stable_else_source_page,89506d1392cacfa8,HWP 신청서,HWP,HWP,gfn_downloadFile,downloaded,download_no_index,False,False,신청서·동의서·위임장·샘플 등 작성용 자료,form,True,True,False,False,False,False,good,success,2234,https://fins.kdic.or.kr/ir/aplygudn/MtrsVstRcptGudn/selectScrn.do,,blob:https://fins.kdic.or.kr/1952eb83-2463-4e60-b12c-4991702ba902,https://fins.kdic.or.kr/ir/aplygudn/MtrsVstRcptGudn/selectScrn.do,raw/assets/착오송금 반환 신청/MT-012/attachments/89506d1392cacfa8_01_신청서양식.hwp,81408,afc9c34d37b6ee8bb2ef9c10315a85910db8424d32f89b9d16ea7f8517e6970c,,unchanged,afc9c34d37b6ee8bb2ef9c10315a85910db8424d32f89b9d16ea7f8517e6970c,/content/kdic_crawl_output_20260721_110806/processed/attachment_manifest.jsonl
MT-012,착오송금 반환 신청,O,auto_classify_guide_only,direct_official_url_if_stable_else_source_page,5f05a1864ba05ed9,PDF 신청서,PDF,PDF,gfn_downloadFile,downloaded,download_no_index,False,False,신청서·동의서·위임장·샘플 등 작성용 자료,form,True,True,False,False,False,False,good,success,2111,https://fins.kdic.or.kr/ir/aplygudn/MtrsVstRcptGudn/selectScrn.do,,blob:https://fins.kdic.or.kr/9fcb3ab1-92f0-4274-a236-f38faec47f62,https://fins.kdic.or.kr/ir/aplygudn/MtrsVstRcptGudn/selectScrn.do,raw/assets/착오송금 반환 신청/MT-012/attachments/5f05a1864ba05ed9_01_신청서양식.pdf,269730,f9cca273b5c8d605976e0d17a29c680a6a0f069b0f4d0a6c7e1446fa831b1e31,,unchanged,f9cca273b5c8d605976e0d17a29c680a6a0f069b0f4d0a6c7e1446fa831b1e31,/content/kdic_crawl_output_20260721_110806/processed/attachment_manifest.jsonl
DA-007,채무조정 안내,O,auto_classify_guide_only,direct_official_url_if_stable_else_source_page,975ba507672f1226,부채증명원 발급신청서 (FILE),FILE,HWP,gfn_downloadFile,downloaded,download_no_index,False,False,신청서·동의서·위임장·샘플 등 작성용 자료,form,True,False,False,False,False,False,good,success,292,https://www.kdic.or.kr/sp/sprtfund/SprtFndDebtDlngAplyGudn/selectScrn.do,,blob:https://www.kdic.or.kr/f18aef4d-f4e3-4294-a172-70d835fec5b9,https://www.kdic.or.kr/sp/sprtfund/SprtFndDebtDlngAplyGudn/selectScrn.do,raw/assets/채무조정 안내/DA-007/attachments/975ba507672f1226_부채증명원 발급신청서.hwp,14336,57296d7d95d75d7b276e79bdf6c75c5776fb86c0e2a6b2b0cbe35e56400fb400,,unchanged,57296d7d95d75d7b276e79bdf6c75c5776fb86c0e2a6b2b0cbe35e56400fb400,/content/kdic_crawl_output_20260721_110806/processed/attachment_manifest.jsonl
DA-007,채무조정 안내,O,auto_classify_guide_only,direct_official_url_if_stable_else_source_page,bee3f76123209c2d,금융거래정보 발급신청서 (FILE),FILE,HWP,gfn_downloadFile,downloaded,download_no_index,False,False,신청서·동의서·위임장·샘플 등 작성용 자료,form,True,False,False,False,False,False,good,success,525,https://www.kdic.or.kr/sp/sprtfund/SprtFndDebtDlngAplyGudn/selectScrn.do,,blob:https://www.kdic.or.kr/5e8ca558-e93e-4e5b-8dcb-1c440dfb3b48,https://www.kdic.or.kr/sp/sprtfund/SprtFndDebtDlngAplyGudn/selectScrn.do,raw/assets/채무조정 안내/DA-007/attachments/bee3f76123209c2d_금융거래정보 발급신청서.hwp,14848,399d692dc88181a53b45c7dd4c9e566eece95224458ada0568508db373acfc85,,unchanged,399d692dc88181a53b45c7dd4c9e566eece95224458ada0568508db373acfc85,/content/kdic_crawl_output_20260721_110806/processed/attachment_manifest.jsonl
DA-007,채무조정 안내,O,auto_classify_guide_only,direct_official_url_if_stable_else_source_page,9b28385c18fd0fb6,위임장 (FILE),FILE,HWP,gfn_downloadFile,downloaded,download_no_index,False,False,신청서·동의서·위임장·샘플 등 작성용 자료,form,True,False,False,False,False,False,good,success,189,https://www.kdic.or.kr/sp/sprtfund/SprtFndDebtDlngAplyGudn/selectScrn.do,,blob:https://www.kdic.or.kr/060d047a-b7c4-4e60-a455-055e45433b00,https://www.kdic.or.kr/sp/sprtfund/SprtFndDebtDlngAplyGudn/selectScrn.do,raw/assets/채무조정 안내/DA-007/attachments/9b28385c18fd0fb6_대리인 위임장.hwp,11264,576d7f1af0e23b55174ce1f64dcc35c994d92d4bb96539fe95bad1845f54e937,,unchanged,576d7f1af0e23b55174ce1f64dcc35c994d92d4bb96539fe95bad1845f54e937,/content/kdic_crawl_output_20260721_110806/processed/attachment_manifest.jsonl
HP-003,은닉재산 신고,O,auto_classify_guide_only,direct_official_url_if_stable_else_source_page,0d0f2cba7349e8d9,신고서 다운로드(한글양식) (HWP),HWP,HWP,gfn_downloadFile,downloaded,download_no_index,False,False,신청서·동의서·위임장·샘플 등 작성용 자료,form,True,False,False,False,False,False,good,success,551,https://www.kdic.or.kr/sp/sprtfund/SprtFndIvsfalUnrlIlglDclrGudn/selectScrn.do,,blob:https://www.kdic.or.kr/160a64ac-ff13-4706-8254-49eb0d09e8f6,https://www.kdic.or.kr/sp/sprtfund/SprtFndIvsfalUnrlIlglDclrGudn/selectScrn.do,raw/assets/은닉재산 신고/HP-003/attachments/0d0f2cba7349e8d9_금융부실관련자 불법행위 신고서.hwp,37888,edf719d6e4f525b6375e6a251b3617e14e0b01f3f94b8707bab500b534f9c888,,unchanged,edf719d6e4f525b6375e6a251b3617e14e0b01f3f94b8707bab500b534f9c888,/content/kdic_crawl_output_20260721_110806/processed/attachment_manifest.jsonl
HP-003,은닉재산 신고,O,auto_classify_guide_only,direct_official_url_if_stable_else_source_page,9001ad1d93e32d4b,신고서 다운로드(워드양식) (FILE),FILE,DOC,gfn_downloadFile,downloaded,download_no_index,False,False,신청서·동의서·위임장·샘플 등 작성용 자료,form,True,False,False,False,False,False,failed,unsupported,0,https://www.kdic.or.kr/sp/sprtfund/SprtFndIvsfalUnrlIlglDclrGudn/selectScrn.do,,blob:https://www.kdic.or.kr/3d367b15-b87d-496b-9522-085f5abebb2a,https://www.kdic.or.kr/sp/sprtfund/SprtFndIvsfalUnrlIlglDclrGudn/selectScrn.do,raw/assets/은닉재산 신고/HP-003/attachments/9001ad1d93e32d4b_금융부실관련자 불법행위 신고서.doc,54272,0fa76e6cf75e19d6c8190753bc40b3220d2976bcfa9ab267b563d02146fe94cf,지원하지 않는 텍스트 추출 형식: DOC,unchanged,0fa76e6cf75e19d6c8190753bc40b3220d2976bcfa9ab267b563d02146fe94cf,/content/kdic_crawl_output_20260721_110806/processed/attachment_manifest.jsonl
